04hSzLv5s2TDYPlcgpHB.bytes.jpg ; 8
DNmcvMG3LHIbr6zRed4h.bytes.jpg ; 8
DNPAd4wCIHh59p2nbqJT.bytes.jpg ; 8
DnSqtl6oksRxOwP8g0AM.bytes.jpg ; 8
Do9QfaXw52dYzcFipUeq.bytes.jpg ; 8
dONo5qIgbC4PZ9yW6QSl.bytes.jpg ; 8
9gpG7YV3EBUsIXL6wDNP.bytes.jpg ; 8
9hibmvMuBATOs1Ukco0t.bytes.jpg ; 8
9itfPnyplHZhTb8IMYq3.bytes.jpg ; 8
9iYImqyT3bRtC7VjhxKA.bytes.jpg ; 8
9iZyfgVbe6cDYAhSlzkN.bytes.jpg ; 8
01azqd4InC7m9JpocGv5.bytes.jpg ; 9
01jsnpXSAlgw6aPeDxrU.bytes.jpg ; 9
04mcPSei852tgIKUwTJr.bytes.jpg ; 9
dOg1eCFnMbh7DY2p4ljJ.bytes.jpg ; 9
9J3ytOwfECdTV52ncMiU.bytes.jpg ; 9
g9MVAiYzLpkEl81buc4W.bytes.jpg ; 9
0IelgX5H2s14KutkEyNU.bytes.jpg ; 9
1XtkeS5VmHTrwaRGAzMh.bytes.jpg ; 9
5OvCg6dRqcE2zjMNAmLU.bytes.jpg ; 9
5ovjdBTa2DHgV7KLGrIp.bytes.jpg ; 9
5PsZU2Cf0jRbcvOtaDAg.bytes.jpg ; 9
02IOCvYEy8mjiuAQHax3.bytes.jpg ; 6
05LHG8fR3iPn6agIo9z7.bytes.jpg ; 6
Do5n1Kjei89Es3CuFGqg.bytes.jpg ; 6
DohL5RXbrCuUNZtM28x7.bytes.jpg ; 6
9gdaQ5EJPlAWw3cU18Cb.bytes.jpg ; 6
G872A1ZdEnxBbX6HSYTc.bytes.jpg ; 6
08BX5Slp2I1FraZWbc6j.bytes.jpg ; 6
17jNaPkYIgvUyw9HxC5D.bytes.jpg ; 6
1R0pmNFb5znDi6aTVeZt.bytes.jpg ; 6
1sVJGxyIi5AYblaRtu4e.bytes.jpg ; 6
5ov2DWngteLM0GVEySrl.bytes.jpg ; 6
dOc4AD20ltIzKYHCPNFS.bytes.jpg ; 7
dolHJvDGFs2hk4LIPR65.bytes.jpg ; 7
G9ItnR8HegBwlxEjDy6m.bytes.jpg ; 7
1FAxSngsym35phwROGl0.bytes.jpg ; 7
5PBvwNE8sCzm1bjUlf6A.bytes.jpg ; 7
5QjzywcSG4XLhNRt8unq.bytes.jpg ; 7
bipFgQ8uwHkO9rnRfWDC.bytes.jpg ; 7
bJvcld8YQ9OxDAnwtSfp.bytes.jpg ; 7
hZ9FgpT4IDNx2mEi61r7.bytes.jpg ; 7
HzGMQNh0jB814iA5DbYI.bytes.jpg ; 7
f6OSXzVv5aDQPjGYrEA0.bytes.jpg ; 7
04BfoQRA6XEshiNuI7pF.bytes.jpg ; 3
04cvLCVPqBMs6yn5xGlE.bytes.jpg ; 3
04sJnMaORYc1SV5pKjrP.bytes.jpg ; 3
06arUi9q3wHS2C8RZxeB.bytes.jpg ; 3
06KfrF7ltESna2ZHPVp5.bytes.jpg ; 3
06osXqPUVM1HbvBGNncT.bytes.jpg ; 3
DOBjCft8As0e5UKr7qQM.bytes.jpg ; 3
DOi62hCHTnJ7Qxub8ZXo.bytes.jpg ; 3
9gE6rY37hlG2Jdmy5IAT.bytes.jpg ; 3
9gL8j0XVyEOe5sSmlpv2.bytes.jpg ; 3
9I6UftSTGjwB8pxQY0MX.bytes.jpg ; 3
g7sDFNXIqYmCMkWOpPrA.bytes.jpg ; 4
g7SQeJHR0IGrqBzfumlC.bytes.jpg ; 4
g7vEfrR3s49CH8AVUeSu.bytes.jpg ; 4
g80ZFdKzRoNCvqTcejrV.bytes.jpg ; 4
g937V6FUYlT0PybHMEin.bytes.jpg ; 4
G9jfR1PvIhwMx2Wts43b.bytes.jpg ; 4
5QOWxyz7oqf9T6KIBDbk.bytes.jpg ; 4
5qQY8mHGLFA1pZgWPOXM.bytes.jpg ; 4
5QvCJULkphcYGge78RNs.bytes.jpg ; 4
BiYN91OHbgmVJnjuDyGk.bytes.jpg ; 4
Bj1A0a6Ec4MIUQzfsTg7.bytes.jpg ; 4
hZiVAw5nREjHU1qodatK.bytes.jpg ; 5
F6nOrb9ipd0SskWuJjUw.bytes.jpg ; 5
CRrAOvzk452LVZIGMWsq.bytes.jpg ; 5
e2r6IncxE1LQOKFGgphj.bytes.jpg ; 5
1IpWLz6eyhVxDAfQMKEd.bytes.jpg ; 5
1KB3Z7gd5aN4Xmx8W0sf.bytes.jpg ; 5
AeCXyFRcU2SsgvVTpMzi.bytes.jpg ; 5
DEyOUKzN2g8suv96eYoC.bytes.jpg ; 5
FdiEeV3N8WtUSXjmcrxo.bytes.jpg ; 5
2pwjzv6eGEb8QmHPfxSc.bytes.jpg ; 5
2qAtoGOuMQZdmH3y7bEY.bytes.jpg ; 5
05rJTUWYAKNegBk2wE8X.bytes.jpg ; 1
DnmZzjur8OdgbvAJ9RxF.bytes.jpg ; 1
dNyq0DTYLUsAjOki2gGZ.bytes.jpg ; 1
DotMKuV5W1sryTFNkmGR.bytes.jpg ; 1
9hM3zF2cpYv7lU0fDWb6.bytes.jpg ; 1
9iQ3G1aDjec46ULCHI8h.bytes.jpg ; 1
9JN4L3y2vZm5qUcdglSu.bytes.jpg ; 1
g7xbdzt653NRcGKF8WU2.bytes.jpg ; 1
g9EOBe1tr5a3dUhLn2zu.bytes.jpg ; 1
0DNVFKwYlcjO7bTfJ5p1.bytes.jpg ; 1
0S7z4qxYTHPUDO8fgIyA.bytes.jpg ; 1
02JqQ7H3yEoD8viYWlmS.bytes.jpg ; 2
05Kps4iFw8mOLJZQrb1H.bytes.jpg ; 2
065EZhxgbLRSHsB87uIF.bytes.jpg ; 2
06QinlpeFIWj8qHc7Vys.bytes.jpg ; 2
07iSOIG2urUvsMl9E5Rn.bytes.jpg ; 2
DnMyV0BR6Wav1rOPKlxJ.bytes.jpg ; 2
DnSUoWCAcyx2bsizNwK8.bytes.jpg ; 2
doEyIsH3nRDTjfZ5lvY0.bytes.jpg ; 2
9hd6DsViftagyGO2NCKe.bytes.jpg ; 2
G7JMvWmlnwiVpjcNhSdL.bytes.jpg ; 2
G8unSowFszcjkpdafJWe.bytes.jpg ; 2
